[{"path":"src/main/java/seedu/duke/Duke.java","fileType":"functional-code","lines":[{"lineNumber":1,"author":{"gitId":"-"},"content":"package seedu.duke;","lastModifiedDate":"2020-05-24"},{"lineNumber":2,"author":{"gitId":"-"},"content":"","lastModifiedDate":"2020-05-24"},{"lineNumber":3,"author":{"gitId":"badassengineer"},"content":"import seedu.duke.book.Book;","lastModifiedDate":"2022-10-25"},{"lineNumber":4,"author":{"gitId":"badassengineer"},"content":"import seedu.duke.command.Command;","lastModifiedDate":"2022-10-24"},{"lineNumber":5,"author":{"gitId":"badassengineer"},"content":"import seedu.duke.exception.DukeException;","lastModifiedDate":"2022-10-24"},{"lineNumber":6,"author":{"gitId":"badassengineer"},"content":"import seedu.duke.parser.Parser;","lastModifiedDate":"2022-10-24"},{"lineNumber":7,"author":{"gitId":"badassengineer"},"content":"import seedu.duke.storage.Storage;","lastModifiedDate":"2022-10-24"},{"lineNumber":8,"author":{"gitId":"badassengineer"},"content":"import seedu.duke.ui.UI;","lastModifiedDate":"2022-10-24"},{"lineNumber":9,"author":{"gitId":"badassengineer"},"content":"","lastModifiedDate":"2022-10-24"},{"lineNumber":10,"author":{"gitId":"badassengineer"},"content":"import java.io.File;","lastModifiedDate":"2022-10-25"},{"lineNumber":11,"author":{"gitId":"badassengineer"},"content":"import java.util.ArrayList;","lastModifiedDate":"2022-10-24"},{"lineNumber":12,"author":{"gitId":"-"},"content":"import java.util.Scanner;","lastModifiedDate":"2020-05-24"},{"lineNumber":13,"author":{"gitId":"-"},"content":"","lastModifiedDate":"2020-05-24"},{"lineNumber":14,"author":{"gitId":"-"},"content":"public class Duke {","lastModifiedDate":"2019-07-29"},{"lineNumber":15,"author":{"gitId":"badassengineer"},"content":"    private static File file;","lastModifiedDate":"2022-10-24"},{"lineNumber":16,"author":{"gitId":"badassengineer"},"content":"    private UI ui;","lastModifiedDate":"2022-10-24"},{"lineNumber":17,"author":{"gitId":"badassengineer"},"content":"    private ArrayList\u003cBook\u003e bookList;","lastModifiedDate":"2022-10-25"},{"lineNumber":18,"author":{"gitId":"badassengineer"},"content":"    private Storage storage;","lastModifiedDate":"2022-10-24"},{"lineNumber":19,"author":{"gitId":"badassengineer"},"content":"","lastModifiedDate":"2022-10-24"},{"lineNumber":20,"author":{"gitId":"badassengineer"},"content":"    public Duke(String filename) {","lastModifiedDate":"2022-10-24"},{"lineNumber":21,"author":{"gitId":"badassengineer"},"content":"        String home \u003d System.getProperty(\"user.home\");","lastModifiedDate":"2022-10-24"},{"lineNumber":22,"author":{"gitId":"badassengineer"},"content":"        java.nio.file.Path directory \u003d java.nio.file.Paths.get(home, \"Duke\");","lastModifiedDate":"2022-10-24"},{"lineNumber":23,"author":{"gitId":"badassengineer"},"content":"        java.nio.file.Path pathFile \u003d java.nio.file.Paths.get(home, \"Duke\", filename + \".txt\");","lastModifiedDate":"2022-10-24"},{"lineNumber":24,"author":{"gitId":"badassengineer"},"content":"        file \u003d pathFile.toFile();","lastModifiedDate":"2022-10-24"},{"lineNumber":25,"author":{"gitId":"badassengineer"},"content":"","lastModifiedDate":"2022-10-24"},{"lineNumber":26,"author":{"gitId":"badassengineer"},"content":"        ui \u003d new UI();","lastModifiedDate":"2022-10-24"},{"lineNumber":27,"author":{"gitId":"badassengineer"},"content":"        ui.showWelcome();","lastModifiedDate":"2022-10-24"},{"lineNumber":28,"author":{"gitId":"badassengineer"},"content":"","lastModifiedDate":"2022-10-24"},{"lineNumber":29,"author":{"gitId":"badassengineer"},"content":"        bookList \u003d new ArrayList\u003c\u003e();","lastModifiedDate":"2022-10-24"},{"lineNumber":30,"author":{"gitId":"badassengineer"},"content":"        storage \u003d new Storage(directory, pathFile, bookList);","lastModifiedDate":"2022-10-24"},{"lineNumber":31,"author":{"gitId":"badassengineer"},"content":"","lastModifiedDate":"2022-10-24"},{"lineNumber":32,"author":{"gitId":"badassengineer"},"content":"        Parser.parseBookFromFile(pathFile, storage, bookList);","lastModifiedDate":"2022-10-24"},{"lineNumber":33,"author":{"gitId":"badassengineer"},"content":"    }","lastModifiedDate":"2022-10-24"},{"lineNumber":34,"author":{"gitId":"badassengineer"},"content":"","lastModifiedDate":"2022-10-24"},{"lineNumber":35,"author":{"gitId":"badassengineer"},"content":"    public void run() {","lastModifiedDate":"2022-10-24"},{"lineNumber":36,"author":{"gitId":"badassengineer"},"content":"        while (!Command.isExit) {","lastModifiedDate":"2022-10-24"},{"lineNumber":37,"author":{"gitId":"badassengineer"},"content":"            try {","lastModifiedDate":"2022-10-24"},{"lineNumber":38,"author":{"gitId":"badassengineer"},"content":"                String userInput \u003d ui.readUserInput();","lastModifiedDate":"2022-10-24"},{"lineNumber":39,"author":{"gitId":"badassengineer"},"content":"                ui.showLine();","lastModifiedDate":"2022-10-24"},{"lineNumber":40,"author":{"gitId":"badassengineer"},"content":"                Command c \u003d Parser.parseUserInput(userInput);","lastModifiedDate":"2022-10-24"},{"lineNumber":41,"author":{"gitId":"badassengineer"},"content":"                c.execute(userInput, bookList, storage, file);","lastModifiedDate":"2022-10-24"},{"lineNumber":42,"author":{"gitId":"badassengineer"},"content":"                c.setIsExit();","lastModifiedDate":"2022-10-24"},{"lineNumber":43,"author":{"gitId":"badassengineer"},"content":"            } catch (DukeException e) {","lastModifiedDate":"2022-10-24"},{"lineNumber":44,"author":{"gitId":"badassengineer"},"content":"                System.out.println(e.getMessage());","lastModifiedDate":"2022-10-24"},{"lineNumber":45,"author":{"gitId":"badassengineer"},"content":"            }","lastModifiedDate":"2022-10-24"},{"lineNumber":46,"author":{"gitId":"badassengineer"},"content":"            System.out.println();","lastModifiedDate":"2022-10-24"},{"lineNumber":47,"author":{"gitId":"badassengineer"},"content":"        }","lastModifiedDate":"2022-10-24"},{"lineNumber":48,"author":{"gitId":"badassengineer"},"content":"    }","lastModifiedDate":"2022-10-24"},{"lineNumber":49,"author":{"gitId":"badassengineer"},"content":"","lastModifiedDate":"2022-10-24"},{"lineNumber":50,"author":{"gitId":"-"},"content":"    public static void main(String[] args) {","lastModifiedDate":"2019-07-29"},{"lineNumber":51,"author":{"gitId":"badassengineer"},"content":"        System.out.println(\"\\nTo begin, enter your filename: \\n\");","lastModifiedDate":"2022-10-24"},{"lineNumber":52,"author":{"gitId":"-"},"content":"","lastModifiedDate":"2020-05-24"},{"lineNumber":53,"author":{"gitId":"-"},"content":"        Scanner in \u003d new Scanner(System.in);","lastModifiedDate":"2020-05-24"},{"lineNumber":54,"author":{"gitId":"badassengineer"},"content":"        String filename \u003d in.nextLine();","lastModifiedDate":"2022-10-24"},{"lineNumber":55,"author":{"gitId":"badassengineer"},"content":"","lastModifiedDate":"2022-10-24"},{"lineNumber":56,"author":{"gitId":"badassengineer"},"content":"        System.out.println(\"__________________________________________________________\" +","lastModifiedDate":"2022-10-25"},{"lineNumber":57,"author":{"gitId":"badassengineer"},"content":"                \"__________________________________________\");","lastModifiedDate":"2022-10-25"},{"lineNumber":58,"author":{"gitId":"badassengineer"},"content":"","lastModifiedDate":"2022-10-24"},{"lineNumber":59,"author":{"gitId":"badassengineer"},"content":"        new Duke(filename).run();","lastModifiedDate":"2022-10-24"},{"lineNumber":60,"author":{"gitId":"-"},"content":"    }","lastModifiedDate":"2019-07-29"},{"lineNumber":61,"author":{"gitId":"-"},"content":"}","lastModifiedDate":"2019-07-29"}],"authorContributionMap":{"badassengineer":51,"-":10}},{"path":"src/main/java/seedu/duke/book/Book.java","fileType":"functional-code","lines":[{"lineNumber":1,"author":{"gitId":"badassengineer"},"content":"package seedu.duke.book;","lastModifiedDate":"2022-10-24"},{"lineNumber":2,"author":{"gitId":"badassengineer"},"content":"","lastModifiedDate":"2022-10-24"},{"lineNumber":3,"author":{"gitId":"badassengineer"},"content":"public class Book {","lastModifiedDate":"2022-10-24"},{"lineNumber":4,"author":{"gitId":"roshankumar1991"},"content":"    public String title;","lastModifiedDate":"2022-10-27"},{"lineNumber":5,"author":{"gitId":"roshankumar1991"},"content":"    public String author;","lastModifiedDate":"2022-10-27"},{"lineNumber":6,"author":{"gitId":"roshankumar1991"},"content":"    public String edition;","lastModifiedDate":"2022-10-27"},{"lineNumber":7,"author":{"gitId":"roshankumar1991"},"content":"    public String published;","lastModifiedDate":"2022-10-27"},{"lineNumber":8,"author":{"gitId":"roshankumar1991"},"content":"    public int totalCopy;","lastModifiedDate":"2022-10-27"},{"lineNumber":9,"author":{"gitId":"roshankumar1991"},"content":"    public int onShelf;","lastModifiedDate":"2022-10-27"},{"lineNumber":10,"author":{"gitId":"roshankumar1991"},"content":"    public String category;","lastModifiedDate":"2022-10-27"},{"lineNumber":11,"author":{"gitId":"badassengineer"},"content":"","lastModifiedDate":"2022-10-24"},{"lineNumber":12,"author":{"gitId":"badassengineer"},"content":"    public Book(String title, String author, String edition,","lastModifiedDate":"2022-10-25"},{"lineNumber":13,"author":{"gitId":"badassengineer"},"content":"                String published, int totalCopy, int onShelf, String category) {","lastModifiedDate":"2022-10-25"},{"lineNumber":14,"author":{"gitId":"badassengineer"},"content":"        this.title \u003d title;","lastModifiedDate":"2022-10-24"},{"lineNumber":15,"author":{"gitId":"badassengineer"},"content":"        this.author \u003d author;","lastModifiedDate":"2022-10-24"},{"lineNumber":16,"author":{"gitId":"badassengineer"},"content":"        this.edition \u003d edition;","lastModifiedDate":"2022-10-24"},{"lineNumber":17,"author":{"gitId":"badassengineer"},"content":"        this.published \u003d published;","lastModifiedDate":"2022-10-24"},{"lineNumber":18,"author":{"gitId":"badassengineer"},"content":"        this.totalCopy \u003d totalCopy;","lastModifiedDate":"2022-10-24"},{"lineNumber":19,"author":{"gitId":"badassengineer"},"content":"        this.onShelf \u003d onShelf;","lastModifiedDate":"2022-10-24"},{"lineNumber":20,"author":{"gitId":"badassengineer"},"content":"        this.category \u003d category;","lastModifiedDate":"2022-10-24"},{"lineNumber":21,"author":{"gitId":"badassengineer"},"content":"    }","lastModifiedDate":"2022-10-24"},{"lineNumber":22,"author":{"gitId":"badassengineer"},"content":"","lastModifiedDate":"2022-10-24"},{"lineNumber":23,"author":{"gitId":"badassengineer"},"content":"    @Override","lastModifiedDate":"2022-10-24"},{"lineNumber":24,"author":{"gitId":"badassengineer"},"content":"    public String toString() {","lastModifiedDate":"2022-10-24"},{"lineNumber":25,"author":{"gitId":"badassengineer"},"content":"        return \" Title: \" + title + \"\\n\" + \"       Author: \" + author + \"\\n\" +","lastModifiedDate":"2022-10-25"},{"lineNumber":26,"author":{"gitId":"badassengineer"},"content":"                \"       Edition: \" + edition + \"\\n\" + \"       Published: \" +","lastModifiedDate":"2022-10-25"},{"lineNumber":27,"author":{"gitId":"badassengineer"},"content":"                published + \"\\n\" + \"       On-shelf: \" + onShelf + \" of \" +","lastModifiedDate":"2022-10-25"},{"lineNumber":28,"author":{"gitId":"badassengineer"},"content":"                totalCopy + \"\\n\" + \"       Category: \" + category + \"\\n\";","lastModifiedDate":"2022-10-25"},{"lineNumber":29,"author":{"gitId":"badassengineer"},"content":"    }","lastModifiedDate":"2022-10-24"},{"lineNumber":30,"author":{"gitId":"badassengineer"},"content":"}","lastModifiedDate":"2022-10-24"},{"lineNumber":31,"author":{"gitId":"badassengineer"},"content":"","lastModifiedDate":"2022-10-24"}],"authorContributionMap":{"badassengineer":24,"roshankumar1991":7}},{"path":"src/main/java/seedu/duke/command/BorrowCommand.java","fileType":"functional-code","lines":[{"lineNumber":1,"author":{"gitId":"roshankumar1991"},"content":"package seedu.duke.command;","lastModifiedDate":"2022-10-27"},{"lineNumber":2,"author":{"gitId":"roshankumar1991"},"content":"","lastModifiedDate":"2022-10-27"},{"lineNumber":3,"author":{"gitId":"roshankumar1991"},"content":"import seedu.duke.book.Book;","lastModifiedDate":"2022-10-27"},{"lineNumber":4,"author":{"gitId":"roshankumar1991"},"content":"import seedu.duke.exception.DukeException;","lastModifiedDate":"2022-10-27"},{"lineNumber":5,"author":{"gitId":"roshankumar1991"},"content":"import seedu.duke.storage.Storage;","lastModifiedDate":"2022-10-27"},{"lineNumber":6,"author":{"gitId":"roshankumar1991"},"content":"","lastModifiedDate":"2022-10-27"},{"lineNumber":7,"author":{"gitId":"roshankumar1991"},"content":"import java.io.File;","lastModifiedDate":"2022-10-27"},{"lineNumber":8,"author":{"gitId":"roshankumar1991"},"content":"import java.util.ArrayList;","lastModifiedDate":"2022-10-27"},{"lineNumber":9,"author":{"gitId":"roshankumar1991"},"content":"","lastModifiedDate":"2022-10-27"},{"lineNumber":10,"author":{"gitId":"roshankumar1991"},"content":"public class BorrowCommand extends Command {","lastModifiedDate":"2022-10-27"},{"lineNumber":11,"author":{"gitId":"roshankumar1991"},"content":"    @Override","lastModifiedDate":"2022-10-27"},{"lineNumber":12,"author":{"gitId":"roshankumar1991"},"content":"    public void execute(String userInput, ArrayList\u003cBook\u003e bookList, Storage storage, File file) throws DukeException {","lastModifiedDate":"2022-10-27"},{"lineNumber":13,"author":{"gitId":"roshankumar1991"},"content":"        if (bookList.isEmpty()) {","lastModifiedDate":"2022-10-27"},{"lineNumber":14,"author":{"gitId":"roshankumar1991"},"content":"            throw new DukeException(\"    There are no books available in the library at the moment.\");","lastModifiedDate":"2022-10-27"},{"lineNumber":15,"author":{"gitId":"roshankumar1991"},"content":"        }","lastModifiedDate":"2022-10-27"},{"lineNumber":16,"author":{"gitId":"roshankumar1991"},"content":"        int n \u003d userInput.indexOf(\u0027/\u0027);","lastModifiedDate":"2022-10-27"},{"lineNumber":17,"author":{"gitId":"roshankumar1991"},"content":"        String marker \u003d userInput.substring(n, n+2).trim();","lastModifiedDate":"2022-10-27"},{"lineNumber":18,"author":{"gitId":"roshankumar1991"},"content":"","lastModifiedDate":"2022-10-27"},{"lineNumber":19,"author":{"gitId":"roshankumar1991"},"content":"        if (marker.equals(\"t\")) {","lastModifiedDate":"2022-10-27"},{"lineNumber":20,"author":{"gitId":"roshankumar1991"},"content":"            String title \u003d userInput.substring(n+3);","lastModifiedDate":"2022-10-27"},{"lineNumber":21,"author":{"gitId":"roshankumar1991"},"content":"            for (int i \u003d 0; i \u003c bookList.size(); i++) {","lastModifiedDate":"2022-10-27"},{"lineNumber":22,"author":{"gitId":"roshankumar1991"},"content":"                Book book \u003d bookList.get(i);","lastModifiedDate":"2022-10-27"},{"lineNumber":23,"author":{"gitId":"roshankumar1991"},"content":"                if (book.title.equalsIgnoreCase(title)) {","lastModifiedDate":"2022-10-27"},{"lineNumber":24,"author":{"gitId":"roshankumar1991"},"content":"                    bookList.get(i).onShelf \u003d 0;","lastModifiedDate":"2022-10-27"},{"lineNumber":25,"author":{"gitId":"roshankumar1991"},"content":"                }","lastModifiedDate":"2022-10-27"},{"lineNumber":26,"author":{"gitId":"roshankumar1991"},"content":"            }","lastModifiedDate":"2022-10-27"},{"lineNumber":27,"author":{"gitId":"roshankumar1991"},"content":"        }","lastModifiedDate":"2022-10-27"},{"lineNumber":28,"author":{"gitId":"roshankumar1991"},"content":"    }","lastModifiedDate":"2022-10-27"},{"lineNumber":29,"author":{"gitId":"roshankumar1991"},"content":"","lastModifiedDate":"2022-10-27"},{"lineNumber":30,"author":{"gitId":"roshankumar1991"},"content":"    @Override","lastModifiedDate":"2022-10-27"},{"lineNumber":31,"author":{"gitId":"roshankumar1991"},"content":"    public boolean setIsExit() {","lastModifiedDate":"2022-10-27"},{"lineNumber":32,"author":{"gitId":"roshankumar1991"},"content":"        return isExit \u003d false;","lastModifiedDate":"2022-10-27"},{"lineNumber":33,"author":{"gitId":"roshankumar1991"},"content":"    }","lastModifiedDate":"2022-10-27"},{"lineNumber":34,"author":{"gitId":"roshankumar1991"},"content":"}","lastModifiedDate":"2022-10-27"}],"authorContributionMap":{"roshankumar1991":34}},{"path":"src/main/java/seedu/duke/command/Command.java","fileType":"functional-code","lines":[{"lineNumber":1,"author":{"gitId":"badassengineer"},"content":"package seedu.duke.command;","lastModifiedDate":"2022-10-24"},{"lineNumber":2,"author":{"gitId":"badassengineer"},"content":"","lastModifiedDate":"2022-10-24"},{"lineNumber":3,"author":{"gitId":"badassengineer"},"content":"import seedu.duke.book.Book;","lastModifiedDate":"2022-10-24"},{"lineNumber":4,"author":{"gitId":"badassengineer"},"content":"import seedu.duke.exception.DukeException;","lastModifiedDate":"2022-10-24"},{"lineNumber":5,"author":{"gitId":"badassengineer"},"content":"import seedu.duke.storage.Storage;","lastModifiedDate":"2022-10-24"},{"lineNumber":6,"author":{"gitId":"badassengineer"},"content":"","lastModifiedDate":"2022-10-24"},{"lineNumber":7,"author":{"gitId":"badassengineer"},"content":"import java.io.File;","lastModifiedDate":"2022-10-24"},{"lineNumber":8,"author":{"gitId":"badassengineer"},"content":"import java.util.ArrayList;","lastModifiedDate":"2022-10-24"},{"lineNumber":9,"author":{"gitId":"badassengineer"},"content":"","lastModifiedDate":"2022-10-24"},{"lineNumber":10,"author":{"gitId":"badassengineer"},"content":"public abstract class Command {","lastModifiedDate":"2022-10-24"},{"lineNumber":11,"author":{"gitId":"badassengineer"},"content":"    public static boolean isExit \u003d false;","lastModifiedDate":"2022-10-24"},{"lineNumber":12,"author":{"gitId":"badassengineer"},"content":"","lastModifiedDate":"2022-10-24"},{"lineNumber":13,"author":{"gitId":"badassengineer"},"content":"    public abstract void execute(String userInput, ArrayList\u003cBook\u003e bookList,","lastModifiedDate":"2022-10-25"},{"lineNumber":14,"author":{"gitId":"badassengineer"},"content":"                                 Storage storage, File file) throws DukeException;","lastModifiedDate":"2022-10-25"},{"lineNumber":15,"author":{"gitId":"badassengineer"},"content":"","lastModifiedDate":"2022-10-24"},{"lineNumber":16,"author":{"gitId":"badassengineer"},"content":"    public abstract boolean setIsExit();","lastModifiedDate":"2022-10-24"},{"lineNumber":17,"author":{"gitId":"badassengineer"},"content":"}","lastModifiedDate":"2022-10-24"},{"lineNumber":18,"author":{"gitId":"badassengineer"},"content":"","lastModifiedDate":"2022-10-24"}],"authorContributionMap":{"badassengineer":18}},{"path":"src/main/java/seedu/duke/command/ExitCommand.java","fileType":"functional-code","lines":[{"lineNumber":1,"author":{"gitId":"badassengineer"},"content":"package seedu.duke.command;","lastModifiedDate":"2022-10-24"},{"lineNumber":2,"author":{"gitId":"badassengineer"},"content":"","lastModifiedDate":"2022-10-24"},{"lineNumber":3,"author":{"gitId":"badassengineer"},"content":"import seedu.duke.book.Book;","lastModifiedDate":"2022-10-24"},{"lineNumber":4,"author":{"gitId":"badassengineer"},"content":"import seedu.duke.storage.Storage;","lastModifiedDate":"2022-10-24"},{"lineNumber":5,"author":{"gitId":"badassengineer"},"content":"","lastModifiedDate":"2022-10-24"},{"lineNumber":6,"author":{"gitId":"badassengineer"},"content":"import java.io.File;","lastModifiedDate":"2022-10-24"},{"lineNumber":7,"author":{"gitId":"badassengineer"},"content":"import java.util.ArrayList;","lastModifiedDate":"2022-10-24"},{"lineNumber":8,"author":{"gitId":"badassengineer"},"content":"","lastModifiedDate":"2022-10-24"},{"lineNumber":9,"author":{"gitId":"badassengineer"},"content":"public class ExitCommand extends Command{","lastModifiedDate":"2022-10-24"},{"lineNumber":10,"author":{"gitId":"badassengineer"},"content":"    @Override","lastModifiedDate":"2022-10-24"},{"lineNumber":11,"author":{"gitId":"badassengineer"},"content":"    public void execute(String userInput, ArrayList\u003cBook\u003e bookList, Storage storage, File file) {","lastModifiedDate":"2022-10-24"},{"lineNumber":12,"author":{"gitId":"badassengineer"},"content":"        System.out.println(\"    Bye. Hope to see you again soon!\");","lastModifiedDate":"2022-10-24"},{"lineNumber":13,"author":{"gitId":"badassengineer"},"content":"    }","lastModifiedDate":"2022-10-24"},{"lineNumber":14,"author":{"gitId":"badassengineer"},"content":"","lastModifiedDate":"2022-10-24"},{"lineNumber":15,"author":{"gitId":"badassengineer"},"content":"    @Override","lastModifiedDate":"2022-10-24"},{"lineNumber":16,"author":{"gitId":"badassengineer"},"content":"    public boolean setIsExit() {","lastModifiedDate":"2022-10-24"},{"lineNumber":17,"author":{"gitId":"badassengineer"},"content":"        return isExit \u003d true;","lastModifiedDate":"2022-10-24"},{"lineNumber":18,"author":{"gitId":"badassengineer"},"content":"    }","lastModifiedDate":"2022-10-24"},{"lineNumber":19,"author":{"gitId":"badassengineer"},"content":"}","lastModifiedDate":"2022-10-24"}],"authorContributionMap":{"badassengineer":19}},{"path":"src/main/java/seedu/duke/command/ListCommand.java","fileType":"functional-code","lines":[{"lineNumber":1,"author":{"gitId":"badassengineer"},"content":"package seedu.duke.command;","lastModifiedDate":"2022-10-24"},{"lineNumber":2,"author":{"gitId":"badassengineer"},"content":"","lastModifiedDate":"2022-10-24"},{"lineNumber":3,"author":{"gitId":"badassengineer"},"content":"import seedu.duke.book.Book;","lastModifiedDate":"2022-10-24"},{"lineNumber":4,"author":{"gitId":"badassengineer"},"content":"import seedu.duke.exception.DukeException;","lastModifiedDate":"2022-10-24"},{"lineNumber":5,"author":{"gitId":"badassengineer"},"content":"import seedu.duke.storage.Storage;","lastModifiedDate":"2022-10-24"},{"lineNumber":6,"author":{"gitId":"badassengineer"},"content":"","lastModifiedDate":"2022-10-24"},{"lineNumber":7,"author":{"gitId":"badassengineer"},"content":"import java.io.File;","lastModifiedDate":"2022-10-24"},{"lineNumber":8,"author":{"gitId":"badassengineer"},"content":"import java.util.ArrayList;","lastModifiedDate":"2022-10-24"},{"lineNumber":9,"author":{"gitId":"badassengineer"},"content":"","lastModifiedDate":"2022-10-24"},{"lineNumber":10,"author":{"gitId":"badassengineer"},"content":"public class ListCommand extends Command {","lastModifiedDate":"2022-10-24"},{"lineNumber":11,"author":{"gitId":"badassengineer"},"content":"    @Override","lastModifiedDate":"2022-10-24"},{"lineNumber":12,"author":{"gitId":"badassengineer"},"content":"    public void execute(String userInput, ArrayList\u003cBook\u003e bookList, Storage storage, File file) throws DukeException {","lastModifiedDate":"2022-10-24"},{"lineNumber":13,"author":{"gitId":"badassengineer"},"content":"        if (bookList.isEmpty()) {","lastModifiedDate":"2022-10-24"},{"lineNumber":14,"author":{"gitId":"badassengineer"},"content":"            throw new DukeException(\"    There are no books available in the library at the moment.\");","lastModifiedDate":"2022-10-24"},{"lineNumber":15,"author":{"gitId":"badassengineer"},"content":"        } else {","lastModifiedDate":"2022-10-24"},{"lineNumber":16,"author":{"gitId":"badassengineer"},"content":"            System.out.println(\"    Here are the book(s) in the library:\");","lastModifiedDate":"2022-10-24"},{"lineNumber":17,"author":{"gitId":"badassengineer"},"content":"            for (int i \u003d 0; i \u003c bookList.size(); i++) {","lastModifiedDate":"2022-10-24"},{"lineNumber":18,"author":{"gitId":"roshankumar1991"},"content":"                Book book \u003d bookList.get(i);","lastModifiedDate":"2022-10-27"},{"lineNumber":19,"author":{"gitId":"roshankumar1991"},"content":"                if (book.onShelf \u003d\u003d 1) {","lastModifiedDate":"2022-10-27"},{"lineNumber":20,"author":{"gitId":"badassengineer"},"content":"                    System.out.println(\"      \" + bookList.get(i));","lastModifiedDate":"2022-10-24"},{"lineNumber":21,"author":{"gitId":"badassengineer"},"content":"                }","lastModifiedDate":"2022-10-24"},{"lineNumber":22,"author":{"gitId":"badassengineer"},"content":"            }","lastModifiedDate":"2022-10-24"},{"lineNumber":23,"author":{"gitId":"badassengineer"},"content":"        }","lastModifiedDate":"2022-10-24"},{"lineNumber":24,"author":{"gitId":"roshankumar1991"},"content":"    }","lastModifiedDate":"2022-10-27"},{"lineNumber":25,"author":{"gitId":"badassengineer"},"content":"","lastModifiedDate":"2022-10-24"},{"lineNumber":26,"author":{"gitId":"badassengineer"},"content":"    @Override","lastModifiedDate":"2022-10-24"},{"lineNumber":27,"author":{"gitId":"badassengineer"},"content":"    public boolean setIsExit() {","lastModifiedDate":"2022-10-24"},{"lineNumber":28,"author":{"gitId":"badassengineer"},"content":"        return isExit \u003d false;","lastModifiedDate":"2022-10-24"},{"lineNumber":29,"author":{"gitId":"badassengineer"},"content":"    }","lastModifiedDate":"2022-10-24"},{"lineNumber":30,"author":{"gitId":"badassengineer"},"content":"}","lastModifiedDate":"2022-10-24"}],"authorContributionMap":{"badassengineer":27,"roshankumar1991":3}},{"path":"src/main/java/seedu/duke/command/ListUserCommand.java","fileType":"functional-code","lines":[{"lineNumber":1,"author":{"gitId":"roshankumar1991"},"content":"package seedu.duke.command;","lastModifiedDate":"2022-10-27"},{"lineNumber":2,"author":{"gitId":"roshankumar1991"},"content":"","lastModifiedDate":"2022-10-27"},{"lineNumber":3,"author":{"gitId":"roshankumar1991"},"content":"import seedu.duke.book.Book;","lastModifiedDate":"2022-10-27"},{"lineNumber":4,"author":{"gitId":"roshankumar1991"},"content":"import seedu.duke.exception.DukeException;","lastModifiedDate":"2022-10-27"},{"lineNumber":5,"author":{"gitId":"roshankumar1991"},"content":"import seedu.duke.storage.Storage;","lastModifiedDate":"2022-10-27"},{"lineNumber":6,"author":{"gitId":"roshankumar1991"},"content":"","lastModifiedDate":"2022-10-27"},{"lineNumber":7,"author":{"gitId":"roshankumar1991"},"content":"import java.io.File;","lastModifiedDate":"2022-10-27"},{"lineNumber":8,"author":{"gitId":"roshankumar1991"},"content":"import java.util.ArrayList;","lastModifiedDate":"2022-10-27"},{"lineNumber":9,"author":{"gitId":"roshankumar1991"},"content":"","lastModifiedDate":"2022-10-27"},{"lineNumber":10,"author":{"gitId":"roshankumar1991"},"content":"public class ListUserCommand extends Command {","lastModifiedDate":"2022-10-27"},{"lineNumber":11,"author":{"gitId":"roshankumar1991"},"content":"    @Override","lastModifiedDate":"2022-10-27"},{"lineNumber":12,"author":{"gitId":"roshankumar1991"},"content":"    public void execute(String userInput, ArrayList\u003cBook\u003e bookList, Storage storage, File file) throws DukeException {","lastModifiedDate":"2022-10-27"},{"lineNumber":13,"author":{"gitId":"roshankumar1991"},"content":"        if (bookList.isEmpty()) {","lastModifiedDate":"2022-10-27"},{"lineNumber":14,"author":{"gitId":"roshankumar1991"},"content":"            throw new DukeException(\"    There are no books available in your inventory at the moment.\");","lastModifiedDate":"2022-10-27"},{"lineNumber":15,"author":{"gitId":"roshankumar1991"},"content":"        } else {","lastModifiedDate":"2022-10-27"},{"lineNumber":16,"author":{"gitId":"roshankumar1991"},"content":"            System.out.println(\"    Here are the book(s) in the inventory:\");","lastModifiedDate":"2022-10-27"},{"lineNumber":17,"author":{"gitId":"roshankumar1991"},"content":"            for (int i \u003d 0; i \u003c bookList.size(); i++) {","lastModifiedDate":"2022-10-27"},{"lineNumber":18,"author":{"gitId":"roshankumar1991"},"content":"                Book book \u003d bookList.get(i);","lastModifiedDate":"2022-10-27"},{"lineNumber":19,"author":{"gitId":"roshankumar1991"},"content":"                if (book.onShelf \u003d\u003d 0) {","lastModifiedDate":"2022-10-27"},{"lineNumber":20,"author":{"gitId":"roshankumar1991"},"content":"                    System.out.println(\"      \" + bookList.get(i));","lastModifiedDate":"2022-10-27"},{"lineNumber":21,"author":{"gitId":"roshankumar1991"},"content":"                }","lastModifiedDate":"2022-10-27"},{"lineNumber":22,"author":{"gitId":"roshankumar1991"},"content":"            }","lastModifiedDate":"2022-10-27"},{"lineNumber":23,"author":{"gitId":"roshankumar1991"},"content":"        }","lastModifiedDate":"2022-10-27"},{"lineNumber":24,"author":{"gitId":"roshankumar1991"},"content":"    }","lastModifiedDate":"2022-10-27"},{"lineNumber":25,"author":{"gitId":"roshankumar1991"},"content":"","lastModifiedDate":"2022-10-27"},{"lineNumber":26,"author":{"gitId":"roshankumar1991"},"content":"    @Override","lastModifiedDate":"2022-10-27"},{"lineNumber":27,"author":{"gitId":"roshankumar1991"},"content":"    public boolean setIsExit() {","lastModifiedDate":"2022-10-27"},{"lineNumber":28,"author":{"gitId":"roshankumar1991"},"content":"        return isExit \u003d false;","lastModifiedDate":"2022-10-27"},{"lineNumber":29,"author":{"gitId":"roshankumar1991"},"content":"    }","lastModifiedDate":"2022-10-27"},{"lineNumber":30,"author":{"gitId":"roshankumar1991"},"content":"}","lastModifiedDate":"2022-10-27"}],"authorContributionMap":{"roshankumar1991":30}},{"path":"src/main/java/seedu/duke/command/ReturnCommand.java","fileType":"functional-code","lines":[{"lineNumber":1,"author":{"gitId":"roshankumar1991"},"content":"package seedu.duke.command;","lastModifiedDate":"2022-10-27"},{"lineNumber":2,"author":{"gitId":"roshankumar1991"},"content":"","lastModifiedDate":"2022-10-27"},{"lineNumber":3,"author":{"gitId":"roshankumar1991"},"content":"import seedu.duke.book.Book;","lastModifiedDate":"2022-10-27"},{"lineNumber":4,"author":{"gitId":"roshankumar1991"},"content":"import seedu.duke.exception.DukeException;","lastModifiedDate":"2022-10-27"},{"lineNumber":5,"author":{"gitId":"roshankumar1991"},"content":"import seedu.duke.storage.Storage;","lastModifiedDate":"2022-10-27"},{"lineNumber":6,"author":{"gitId":"roshankumar1991"},"content":"","lastModifiedDate":"2022-10-27"},{"lineNumber":7,"author":{"gitId":"roshankumar1991"},"content":"import java.io.File;","lastModifiedDate":"2022-10-27"},{"lineNumber":8,"author":{"gitId":"roshankumar1991"},"content":"import java.util.ArrayList;","lastModifiedDate":"2022-10-27"},{"lineNumber":9,"author":{"gitId":"roshankumar1991"},"content":"","lastModifiedDate":"2022-10-27"},{"lineNumber":10,"author":{"gitId":"roshankumar1991"},"content":"public class ReturnCommand extends Command {","lastModifiedDate":"2022-10-27"},{"lineNumber":11,"author":{"gitId":"roshankumar1991"},"content":"    @Override","lastModifiedDate":"2022-10-27"},{"lineNumber":12,"author":{"gitId":"roshankumar1991"},"content":"    public void execute(String userInput, ArrayList\u003cBook\u003e bookList, Storage storage, File file) throws DukeException {","lastModifiedDate":"2022-10-27"},{"lineNumber":13,"author":{"gitId":"roshankumar1991"},"content":"        if (bookList.isEmpty()) {","lastModifiedDate":"2022-10-27"},{"lineNumber":14,"author":{"gitId":"roshankumar1991"},"content":"            throw new DukeException(\"    There are no books available in the library at the moment.\");","lastModifiedDate":"2022-10-27"},{"lineNumber":15,"author":{"gitId":"roshankumar1991"},"content":"        }","lastModifiedDate":"2022-10-27"},{"lineNumber":16,"author":{"gitId":"roshankumar1991"},"content":"        int n \u003d userInput.indexOf(\u0027/\u0027);","lastModifiedDate":"2022-10-27"},{"lineNumber":17,"author":{"gitId":"roshankumar1991"},"content":"        String marker \u003d userInput.substring(n, n+2).trim();","lastModifiedDate":"2022-10-27"},{"lineNumber":18,"author":{"gitId":"roshankumar1991"},"content":"","lastModifiedDate":"2022-10-27"},{"lineNumber":19,"author":{"gitId":"roshankumar1991"},"content":"        if (marker.equals(\"t\")) {","lastModifiedDate":"2022-10-27"},{"lineNumber":20,"author":{"gitId":"roshankumar1991"},"content":"            String title \u003d userInput.substring(n+3);","lastModifiedDate":"2022-10-27"},{"lineNumber":21,"author":{"gitId":"roshankumar1991"},"content":"            for (int i \u003d 0; i \u003c bookList.size(); i++) {","lastModifiedDate":"2022-10-27"},{"lineNumber":22,"author":{"gitId":"roshankumar1991"},"content":"                Book book \u003d bookList.get(i);","lastModifiedDate":"2022-10-27"},{"lineNumber":23,"author":{"gitId":"roshankumar1991"},"content":"                if (book.title.equalsIgnoreCase(title)) {","lastModifiedDate":"2022-10-27"},{"lineNumber":24,"author":{"gitId":"roshankumar1991"},"content":"                    bookList.get(i).onShelf \u003d 1;","lastModifiedDate":"2022-10-27"},{"lineNumber":25,"author":{"gitId":"roshankumar1991"},"content":"                }","lastModifiedDate":"2022-10-27"},{"lineNumber":26,"author":{"gitId":"roshankumar1991"},"content":"            }","lastModifiedDate":"2022-10-27"},{"lineNumber":27,"author":{"gitId":"roshankumar1991"},"content":"        }","lastModifiedDate":"2022-10-27"},{"lineNumber":28,"author":{"gitId":"roshankumar1991"},"content":"    }","lastModifiedDate":"2022-10-27"},{"lineNumber":29,"author":{"gitId":"roshankumar1991"},"content":"","lastModifiedDate":"2022-10-27"},{"lineNumber":30,"author":{"gitId":"roshankumar1991"},"content":"    @Override","lastModifiedDate":"2022-10-27"},{"lineNumber":31,"author":{"gitId":"roshankumar1991"},"content":"    public boolean setIsExit() {","lastModifiedDate":"2022-10-27"},{"lineNumber":32,"author":{"gitId":"roshankumar1991"},"content":"        return isExit \u003d false;","lastModifiedDate":"2022-10-27"},{"lineNumber":33,"author":{"gitId":"roshankumar1991"},"content":"    }","lastModifiedDate":"2022-10-27"},{"lineNumber":34,"author":{"gitId":"roshankumar1991"},"content":"}","lastModifiedDate":"2022-10-27"}],"authorContributionMap":{"roshankumar1991":34}},{"path":"src/main/java/seedu/duke/exception/DukeException.java","fileType":"functional-code","lines":[{"lineNumber":1,"author":{"gitId":"badassengineer"},"content":"package seedu.duke.exception;","lastModifiedDate":"2022-10-24"},{"lineNumber":2,"author":{"gitId":"badassengineer"},"content":"","lastModifiedDate":"2022-10-24"},{"lineNumber":3,"author":{"gitId":"badassengineer"},"content":"/**","lastModifiedDate":"2022-10-24"},{"lineNumber":4,"author":{"gitId":"badassengineer"},"content":" * This class handles user-defined exception message.","lastModifiedDate":"2022-10-24"},{"lineNumber":5,"author":{"gitId":"badassengineer"},"content":" */","lastModifiedDate":"2022-10-24"},{"lineNumber":6,"author":{"gitId":"badassengineer"},"content":"public class DukeException extends Exception {","lastModifiedDate":"2022-10-24"},{"lineNumber":7,"author":{"gitId":"badassengineer"},"content":"    public DukeException(String message) {","lastModifiedDate":"2022-10-24"},{"lineNumber":8,"author":{"gitId":"badassengineer"},"content":"        super(message);","lastModifiedDate":"2022-10-24"},{"lineNumber":9,"author":{"gitId":"badassengineer"},"content":"    }","lastModifiedDate":"2022-10-24"},{"lineNumber":10,"author":{"gitId":"badassengineer"},"content":"}","lastModifiedDate":"2022-10-24"},{"lineNumber":11,"author":{"gitId":"badassengineer"},"content":"","lastModifiedDate":"2022-10-24"}],"authorContributionMap":{"badassengineer":11}},{"path":"src/main/java/seedu/duke/parser/Parser.java","fileType":"functional-code","lines":[{"lineNumber":1,"author":{"gitId":"badassengineer"},"content":"package seedu.duke.parser;","lastModifiedDate":"2022-10-24"},{"lineNumber":2,"author":{"gitId":"badassengineer"},"content":"","lastModifiedDate":"2022-10-24"},{"lineNumber":3,"author":{"gitId":"badassengineer"},"content":"import seedu.duke.book.Book;","lastModifiedDate":"2022-10-24"},{"lineNumber":4,"author":{"gitId":"roshankumar1991"},"content":"import seedu.duke.command.*;","lastModifiedDate":"2022-10-27"},{"lineNumber":5,"author":{"gitId":"badassengineer"},"content":"import seedu.duke.exception.DukeException;","lastModifiedDate":"2022-10-24"},{"lineNumber":6,"author":{"gitId":"badassengineer"},"content":"import seedu.duke.storage.Storage;","lastModifiedDate":"2022-10-24"},{"lineNumber":7,"author":{"gitId":"badassengineer"},"content":"","lastModifiedDate":"2022-10-24"},{"lineNumber":8,"author":{"gitId":"badassengineer"},"content":"import java.io.File;","lastModifiedDate":"2022-10-24"},{"lineNumber":9,"author":{"gitId":"badassengineer"},"content":"import java.io.FileNotFoundException;","lastModifiedDate":"2022-10-24"},{"lineNumber":10,"author":{"gitId":"badassengineer"},"content":"import java.nio.file.Path;","lastModifiedDate":"2022-10-24"},{"lineNumber":11,"author":{"gitId":"badassengineer"},"content":"import java.util.ArrayList;","lastModifiedDate":"2022-10-24"},{"lineNumber":12,"author":{"gitId":"badassengineer"},"content":"import java.util.Scanner;","lastModifiedDate":"2022-10-24"},{"lineNumber":13,"author":{"gitId":"badassengineer"},"content":"","lastModifiedDate":"2022-10-24"},{"lineNumber":14,"author":{"gitId":"badassengineer"},"content":"public class Parser {","lastModifiedDate":"2022-10-24"},{"lineNumber":15,"author":{"gitId":"badassengineer"},"content":"    public static void  parseBookFromFile(Path pathFile, Storage storage, ArrayList\u003cBook\u003e bookList) {","lastModifiedDate":"2022-10-24"},{"lineNumber":16,"author":{"gitId":"badassengineer"},"content":"        try {","lastModifiedDate":"2022-10-24"},{"lineNumber":17,"author":{"gitId":"badassengineer"},"content":"            File f \u003d pathFile.toFile();","lastModifiedDate":"2022-10-24"},{"lineNumber":18,"author":{"gitId":"badassengineer"},"content":"            Scanner s \u003d new Scanner(f);","lastModifiedDate":"2022-10-24"},{"lineNumber":19,"author":{"gitId":"badassengineer"},"content":"            String input \u003d \"\";","lastModifiedDate":"2022-10-24"},{"lineNumber":20,"author":{"gitId":"badassengineer"},"content":"            Boolean isEmpty \u003d false;","lastModifiedDate":"2022-10-24"},{"lineNumber":21,"author":{"gitId":"badassengineer"},"content":"","lastModifiedDate":"2022-10-24"},{"lineNumber":22,"author":{"gitId":"badassengineer"},"content":"            while (s.hasNext()) {","lastModifiedDate":"2022-10-24"},{"lineNumber":23,"author":{"gitId":"badassengineer"},"content":"                isEmpty \u003d true;","lastModifiedDate":"2022-10-24"},{"lineNumber":24,"author":{"gitId":"badassengineer"},"content":"                String line \u003d s.nextLine();","lastModifiedDate":"2022-10-24"},{"lineNumber":25,"author":{"gitId":"badassengineer"},"content":"","lastModifiedDate":"2022-10-24"},{"lineNumber":26,"author":{"gitId":"badassengineer"},"content":"                if (line.length() \u003d\u003d 0) {","lastModifiedDate":"2022-10-24"},{"lineNumber":27,"author":{"gitId":"badassengineer"},"content":"                    storage.loadBookFromFile(input);","lastModifiedDate":"2022-10-24"},{"lineNumber":28,"author":{"gitId":"badassengineer"},"content":"                    input \u003d \"\";","lastModifiedDate":"2022-10-24"},{"lineNumber":29,"author":{"gitId":"badassengineer"},"content":"                } else {","lastModifiedDate":"2022-10-24"},{"lineNumber":30,"author":{"gitId":"badassengineer"},"content":"                    input \u003d input + line + \" | \";","lastModifiedDate":"2022-10-24"},{"lineNumber":31,"author":{"gitId":"badassengineer"},"content":"                }","lastModifiedDate":"2022-10-24"},{"lineNumber":32,"author":{"gitId":"badassengineer"},"content":"            }","lastModifiedDate":"2022-10-24"},{"lineNumber":33,"author":{"gitId":"badassengineer"},"content":"","lastModifiedDate":"2022-10-24"},{"lineNumber":34,"author":{"gitId":"badassengineer"},"content":"            if (isEmpty) {","lastModifiedDate":"2022-10-24"},{"lineNumber":35,"author":{"gitId":"badassengineer"},"content":"                storage.loadBookFromFile(input);","lastModifiedDate":"2022-10-24"},{"lineNumber":36,"author":{"gitId":"badassengineer"},"content":"","lastModifiedDate":"2022-10-24"},{"lineNumber":37,"author":{"gitId":"badassengineer"},"content":"                System.out.println(\"    There are \" + bookList.size() +","lastModifiedDate":"2022-10-25"},{"lineNumber":38,"author":{"gitId":"badassengineer"},"content":"                        \" different book(s) in the library at the moment.\\n\");","lastModifiedDate":"2022-10-25"},{"lineNumber":39,"author":{"gitId":"badassengineer"},"content":"            } else {","lastModifiedDate":"2022-10-24"},{"lineNumber":40,"author":{"gitId":"badassengineer"},"content":"                System.out.println(\"    There are no books available in the library at the moment.\\n\");","lastModifiedDate":"2022-10-24"},{"lineNumber":41,"author":{"gitId":"badassengineer"},"content":"            }","lastModifiedDate":"2022-10-24"},{"lineNumber":42,"author":{"gitId":"badassengineer"},"content":"        } catch (FileNotFoundException e) {","lastModifiedDate":"2022-10-24"},{"lineNumber":43,"author":{"gitId":"badassengineer"},"content":"            System.out.println(\"File not found: \" + e.getMessage());","lastModifiedDate":"2022-10-24"},{"lineNumber":44,"author":{"gitId":"badassengineer"},"content":"        }","lastModifiedDate":"2022-10-24"},{"lineNumber":45,"author":{"gitId":"badassengineer"},"content":"    }","lastModifiedDate":"2022-10-24"},{"lineNumber":46,"author":{"gitId":"badassengineer"},"content":"","lastModifiedDate":"2022-10-24"},{"lineNumber":47,"author":{"gitId":"badassengineer"},"content":"    public static Command parseUserInput(String userInput) throws DukeException {","lastModifiedDate":"2022-10-24"},{"lineNumber":48,"author":{"gitId":"badassengineer"},"content":"        String[] firstWord \u003d userInput.split(\" \", 2);","lastModifiedDate":"2022-10-24"},{"lineNumber":49,"author":{"gitId":"badassengineer"},"content":"","lastModifiedDate":"2022-10-24"},{"lineNumber":50,"author":{"gitId":"roshankumar1991"},"content":"        int pos \u003d userInput.indexOf(\" \");","lastModifiedDate":"2022-10-27"},{"lineNumber":51,"author":{"gitId":"roshankumar1991"},"content":"        int pos1 \u003d userInput.indexOf(\" \", pos+1);","lastModifiedDate":"2022-10-27"},{"lineNumber":52,"author":{"gitId":"roshankumar1991"},"content":"        String secondWord \u003d userInput.substring(pos+1, pos1);","lastModifiedDate":"2022-10-27"},{"lineNumber":53,"author":{"gitId":"roshankumar1991"},"content":"","lastModifiedDate":"2022-10-27"},{"lineNumber":54,"author":{"gitId":"roshankumar1991"},"content":"","lastModifiedDate":"2022-10-27"},{"lineNumber":55,"author":{"gitId":"roshankumar1991"},"content":"        if (firstWord[0].equalsIgnoreCase(\"bye\")) {","lastModifiedDate":"2022-10-27"},{"lineNumber":56,"author":{"gitId":"badassengineer"},"content":"            return new ExitCommand();","lastModifiedDate":"2022-10-25"},{"lineNumber":57,"author":{"gitId":"roshankumar1991"},"content":"        } else if (firstWord[0].equalsIgnoreCase(\"list\")) {","lastModifiedDate":"2022-10-27"},{"lineNumber":58,"author":{"gitId":"roshankumar1991"},"content":"            if (secondWord.equalsIgnoreCase(\"user\")) {","lastModifiedDate":"2022-10-27"},{"lineNumber":59,"author":{"gitId":"roshankumar1991"},"content":"                return new ListUserCommand();","lastModifiedDate":"2022-10-27"},{"lineNumber":60,"author":{"gitId":"roshankumar1991"},"content":"            } else return new ListCommand();","lastModifiedDate":"2022-10-27"},{"lineNumber":61,"author":{"gitId":"roshankumar1991"},"content":"        } else if (firstWord[0].equalsIgnoreCase(\"borrow\")) {","lastModifiedDate":"2022-10-27"},{"lineNumber":62,"author":{"gitId":"roshankumar1991"},"content":"            return new BorrowCommand();","lastModifiedDate":"2022-10-27"},{"lineNumber":63,"author":{"gitId":"roshankumar1991"},"content":"        } else if (firstWord[0].equalsIgnoreCase(\"return\")) {","lastModifiedDate":"2022-10-27"},{"lineNumber":64,"author":{"gitId":"roshankumar1991"},"content":"            return new ReturnCommand();","lastModifiedDate":"2022-10-27"},{"lineNumber":65,"author":{"gitId":"badassengineer"},"content":"        } else {","lastModifiedDate":"2022-10-25"},{"lineNumber":66,"author":{"gitId":"badassengineer"},"content":"            throw new DukeException(\"\\u2639 \" + \"OOPS!!! I\u0027m sorry, \" +","lastModifiedDate":"2022-10-25"},{"lineNumber":67,"author":{"gitId":"badassengineer"},"content":"                    \"but I don\u0027t know what that means :-(\");","lastModifiedDate":"2022-10-25"},{"lineNumber":68,"author":{"gitId":"badassengineer"},"content":"        }","lastModifiedDate":"2022-10-24"},{"lineNumber":69,"author":{"gitId":"badassengineer"},"content":"    }","lastModifiedDate":"2022-10-24"},{"lineNumber":70,"author":{"gitId":"badassengineer"},"content":"}","lastModifiedDate":"2022-10-24"},{"lineNumber":71,"author":{"gitId":"badassengineer"},"content":"","lastModifiedDate":"2022-10-24"}],"authorContributionMap":{"badassengineer":56,"roshankumar1991":15}},{"path":"src/main/java/seedu/duke/storage/Storage.java","fileType":"functional-code","lines":[{"lineNumber":1,"author":{"gitId":"badassengineer"},"content":"package seedu.duke.storage;","lastModifiedDate":"2022-10-24"},{"lineNumber":2,"author":{"gitId":"badassengineer"},"content":"","lastModifiedDate":"2022-10-24"},{"lineNumber":3,"author":{"gitId":"badassengineer"},"content":"import seedu.duke.book.Book;","lastModifiedDate":"2022-10-24"},{"lineNumber":4,"author":{"gitId":"badassengineer"},"content":"","lastModifiedDate":"2022-10-24"},{"lineNumber":5,"author":{"gitId":"badassengineer"},"content":"import java.io.File;","lastModifiedDate":"2022-10-25"},{"lineNumber":6,"author":{"gitId":"badassengineer"},"content":"import java.io.IOException;","lastModifiedDate":"2022-10-25"},{"lineNumber":7,"author":{"gitId":"badassengineer"},"content":"import java.nio.file.Files;","lastModifiedDate":"2022-10-24"},{"lineNumber":8,"author":{"gitId":"badassengineer"},"content":"import java.nio.file.Path;","lastModifiedDate":"2022-10-24"},{"lineNumber":9,"author":{"gitId":"badassengineer"},"content":"import java.util.ArrayList;","lastModifiedDate":"2022-10-24"},{"lineNumber":10,"author":{"gitId":"badassengineer"},"content":"","lastModifiedDate":"2022-10-24"},{"lineNumber":11,"author":{"gitId":"badassengineer"},"content":"public class Storage {","lastModifiedDate":"2022-10-24"},{"lineNumber":12,"author":{"gitId":"badassengineer"},"content":"    private Path myDirectory;","lastModifiedDate":"2022-10-24"},{"lineNumber":13,"author":{"gitId":"badassengineer"},"content":"    private Path myPathFile;","lastModifiedDate":"2022-10-24"},{"lineNumber":14,"author":{"gitId":"badassengineer"},"content":"    private ArrayList\u003cBook\u003e myBookList;","lastModifiedDate":"2022-10-24"},{"lineNumber":15,"author":{"gitId":"badassengineer"},"content":"","lastModifiedDate":"2022-10-24"},{"lineNumber":16,"author":{"gitId":"badassengineer"},"content":"    public Storage(Path directory, Path pathFile, ArrayList\u003cBook\u003e myBookList) {","lastModifiedDate":"2022-10-24"},{"lineNumber":17,"author":{"gitId":"badassengineer"},"content":"        myDirectory \u003d directory;","lastModifiedDate":"2022-10-24"},{"lineNumber":18,"author":{"gitId":"badassengineer"},"content":"        myPathFile \u003d pathFile;","lastModifiedDate":"2022-10-24"},{"lineNumber":19,"author":{"gitId":"badassengineer"},"content":"        this.myBookList \u003d myBookList;","lastModifiedDate":"2022-10-24"},{"lineNumber":20,"author":{"gitId":"badassengineer"},"content":"","lastModifiedDate":"2022-10-24"},{"lineNumber":21,"author":{"gitId":"badassengineer"},"content":"        try {","lastModifiedDate":"2022-10-24"},{"lineNumber":22,"author":{"gitId":"badassengineer"},"content":"            File dir \u003d new File(String.valueOf(directory));","lastModifiedDate":"2022-10-24"},{"lineNumber":23,"author":{"gitId":"badassengineer"},"content":"","lastModifiedDate":"2022-10-25"},{"lineNumber":24,"author":{"gitId":"badassengineer"},"content":"            if (!dir.exists()) {","lastModifiedDate":"2022-10-25"},{"lineNumber":25,"author":{"gitId":"badassengineer"},"content":"                dir.mkdirs();","lastModifiedDate":"2022-10-25"},{"lineNumber":26,"author":{"gitId":"badassengineer"},"content":"            }","lastModifiedDate":"2022-10-25"},{"lineNumber":27,"author":{"gitId":"badassengineer"},"content":"","lastModifiedDate":"2022-10-25"},{"lineNumber":28,"author":{"gitId":"badassengineer"},"content":"            Files.createFile(pathFile);","lastModifiedDate":"2022-10-24"},{"lineNumber":29,"author":{"gitId":"badassengineer"},"content":"        } catch (IOException e) {","lastModifiedDate":"2022-10-24"},{"lineNumber":30,"author":{"gitId":"badassengineer"},"content":"            System.out.println(\"    Your chosen filename exists at \" +","lastModifiedDate":"2022-10-25"},{"lineNumber":31,"author":{"gitId":"badassengineer"},"content":"                    e.getMessage() + \".\\n    I will proceed to use this as the \" +","lastModifiedDate":"2022-10-25"},{"lineNumber":32,"author":{"gitId":"badassengineer"},"content":"                    \"working file and update accordingly.\\n\");","lastModifiedDate":"2022-10-25"},{"lineNumber":33,"author":{"gitId":"badassengineer"},"content":"        }","lastModifiedDate":"2022-10-24"},{"lineNumber":34,"author":{"gitId":"badassengineer"},"content":"    }","lastModifiedDate":"2022-10-24"},{"lineNumber":35,"author":{"gitId":"badassengineer"},"content":"","lastModifiedDate":"2022-10-24"},{"lineNumber":36,"author":{"gitId":"badassengineer"},"content":"    public void loadBookFromFile(String s) {","lastModifiedDate":"2022-10-24"},{"lineNumber":37,"author":{"gitId":"badassengineer"},"content":"        String[] splitString \u003d s.split(\" \\\\| \");","lastModifiedDate":"2022-10-24"},{"lineNumber":38,"author":{"gitId":"badassengineer"},"content":"","lastModifiedDate":"2022-10-24"},{"lineNumber":39,"author":{"gitId":"badassengineer"},"content":"        String title \u003d splitString[0].substring(7);","lastModifiedDate":"2022-10-24"},{"lineNumber":40,"author":{"gitId":"badassengineer"},"content":"        String author \u003d splitString[1].substring(8);","lastModifiedDate":"2022-10-24"},{"lineNumber":41,"author":{"gitId":"badassengineer"},"content":"        String edition \u003d splitString[2].substring(9);","lastModifiedDate":"2022-10-24"},{"lineNumber":42,"author":{"gitId":"badassengineer"},"content":"        String published \u003d splitString[3].substring(11);","lastModifiedDate":"2022-10-24"},{"lineNumber":43,"author":{"gitId":"badassengineer"},"content":"        int totalCopy \u003d Integer.parseInt(splitString[4].substring(15));","lastModifiedDate":"2022-10-24"},{"lineNumber":44,"author":{"gitId":"badassengineer"},"content":"        int onShelf \u003d Integer.parseInt(splitString[4].substring(10, splitString[4].indexOf(\" of\")));","lastModifiedDate":"2022-10-24"},{"lineNumber":45,"author":{"gitId":"badassengineer"},"content":"        String category \u003d splitString[5].substring(10);","lastModifiedDate":"2022-10-24"},{"lineNumber":46,"author":{"gitId":"badassengineer"},"content":"","lastModifiedDate":"2022-10-24"},{"lineNumber":47,"author":{"gitId":"badassengineer"},"content":"        myBookList.add(new Book(title, author, edition, published, totalCopy, onShelf, category));","lastModifiedDate":"2022-10-24"},{"lineNumber":48,"author":{"gitId":"badassengineer"},"content":"    }","lastModifiedDate":"2022-10-24"},{"lineNumber":49,"author":{"gitId":"badassengineer"},"content":"}","lastModifiedDate":"2022-10-24"}],"authorContributionMap":{"badassengineer":49}},{"path":"src/main/java/seedu/duke/ui/UI.java","fileType":"functional-code","lines":[{"lineNumber":1,"author":{"gitId":"badassengineer"},"content":"package seedu.duke.ui;","lastModifiedDate":"2022-10-24"},{"lineNumber":2,"author":{"gitId":"badassengineer"},"content":"","lastModifiedDate":"2022-10-24"},{"lineNumber":3,"author":{"gitId":"badassengineer"},"content":"import java.util.Scanner;","lastModifiedDate":"2022-10-24"},{"lineNumber":4,"author":{"gitId":"badassengineer"},"content":"","lastModifiedDate":"2022-10-24"},{"lineNumber":5,"author":{"gitId":"badassengineer"},"content":"public class UI {","lastModifiedDate":"2022-10-24"},{"lineNumber":6,"author":{"gitId":"badassengineer"},"content":"    public void showWelcome() {","lastModifiedDate":"2022-10-24"},{"lineNumber":7,"author":{"gitId":"badassengineer"},"content":"        String logo \u003d \" ____        _        \\n\"","lastModifiedDate":"2022-10-24"},{"lineNumber":8,"author":{"gitId":"badassengineer"},"content":"                + \"|  _ \\\\ _   _| | _____ \\n\"","lastModifiedDate":"2022-10-24"},{"lineNumber":9,"author":{"gitId":"badassengineer"},"content":"                + \"| | | | | | | |/ / _ \\\\\\n\"","lastModifiedDate":"2022-10-24"},{"lineNumber":10,"author":{"gitId":"badassengineer"},"content":"                + \"| |_| | |_| |   \u003c  __/\\n\"","lastModifiedDate":"2022-10-24"},{"lineNumber":11,"author":{"gitId":"badassengineer"},"content":"                + \"|____/ \\\\__,_|_|\\\\_\\\\___|\\n\";","lastModifiedDate":"2022-10-24"},{"lineNumber":12,"author":{"gitId":"badassengineer"},"content":"        System.out.println(\"Hello from\\n\" + logo);","lastModifiedDate":"2022-10-24"},{"lineNumber":13,"author":{"gitId":"badassengineer"},"content":"        System.out.println();","lastModifiedDate":"2022-10-24"},{"lineNumber":14,"author":{"gitId":"badassengineer"},"content":"    }","lastModifiedDate":"2022-10-24"},{"lineNumber":15,"author":{"gitId":"badassengineer"},"content":"","lastModifiedDate":"2022-10-24"},{"lineNumber":16,"author":{"gitId":"badassengineer"},"content":"    public String readUserInput() {","lastModifiedDate":"2022-10-24"},{"lineNumber":17,"author":{"gitId":"badassengineer"},"content":"        Scanner in \u003d new Scanner(System.in);","lastModifiedDate":"2022-10-24"},{"lineNumber":18,"author":{"gitId":"badassengineer"},"content":"","lastModifiedDate":"2022-10-24"},{"lineNumber":19,"author":{"gitId":"badassengineer"},"content":"        return in.nextLine();","lastModifiedDate":"2022-10-24"},{"lineNumber":20,"author":{"gitId":"badassengineer"},"content":"    }","lastModifiedDate":"2022-10-24"},{"lineNumber":21,"author":{"gitId":"badassengineer"},"content":"","lastModifiedDate":"2022-10-24"},{"lineNumber":22,"author":{"gitId":"badassengineer"},"content":"    public void showLine() {","lastModifiedDate":"2022-10-24"},{"lineNumber":23,"author":{"gitId":"badassengineer"},"content":"        System.out.println(\"__________________________________________________________\" +","lastModifiedDate":"2022-10-25"},{"lineNumber":24,"author":{"gitId":"badassengineer"},"content":"                \"__________________________________________\");","lastModifiedDate":"2022-10-25"},{"lineNumber":25,"author":{"gitId":"badassengineer"},"content":"    }","lastModifiedDate":"2022-10-24"},{"lineNumber":26,"author":{"gitId":"badassengineer"},"content":"}","lastModifiedDate":"2022-10-24"},{"lineNumber":27,"author":{"gitId":"badassengineer"},"content":"","lastModifiedDate":"2022-10-24"}],"authorContributionMap":{"badassengineer":27}},{"path":"src/test/java/seedu/duke/book/BookTest.java","fileType":"test-code","lines":[{"lineNumber":1,"author":{"gitId":"badassengineer"},"content":"package seedu.duke.book;","lastModifiedDate":"2022-10-24"},{"lineNumber":2,"author":{"gitId":"badassengineer"},"content":"","lastModifiedDate":"2022-10-24"},{"lineNumber":3,"author":{"gitId":"badassengineer"},"content":"import org.junit.jupiter.api.Test;","lastModifiedDate":"2022-10-24"},{"lineNumber":4,"author":{"gitId":"badassengineer"},"content":"import seedu.duke.storage.Storage;","lastModifiedDate":"2022-10-24"},{"lineNumber":5,"author":{"gitId":"badassengineer"},"content":"import java.nio.file.Path;","lastModifiedDate":"2022-10-24"},{"lineNumber":6,"author":{"gitId":"badassengineer"},"content":"import java.util.ArrayList;","lastModifiedDate":"2022-10-24"},{"lineNumber":7,"author":{"gitId":"badassengineer"},"content":"","lastModifiedDate":"2022-10-24"},{"lineNumber":8,"author":{"gitId":"badassengineer"},"content":"import static org.junit.jupiter.api.Assertions.assertEquals;","lastModifiedDate":"2022-10-25"},{"lineNumber":9,"author":{"gitId":"badassengineer"},"content":"","lastModifiedDate":"2022-10-24"},{"lineNumber":10,"author":{"gitId":"badassengineer"},"content":"class BookTest {","lastModifiedDate":"2022-10-24"},{"lineNumber":11,"author":{"gitId":"badassengineer"},"content":"","lastModifiedDate":"2022-10-24"},{"lineNumber":12,"author":{"gitId":"badassengineer"},"content":"    @Test","lastModifiedDate":"2022-10-24"},{"lineNumber":13,"author":{"gitId":"badassengineer"},"content":"    void testToString() {","lastModifiedDate":"2022-10-24"},{"lineNumber":14,"author":{"gitId":"badassengineer"},"content":"        Path directory \u003d java.nio.file.Paths.get(System.getProperty(\"user.home\"),","lastModifiedDate":"2022-10-25"},{"lineNumber":15,"author":{"gitId":"badassengineer"},"content":"                \"Duke\");","lastModifiedDate":"2022-10-25"},{"lineNumber":16,"author":{"gitId":"badassengineer"},"content":"        Path pathFile \u003d java.nio.file.Paths.get(System.getProperty(\"user.home\"),","lastModifiedDate":"2022-10-25"},{"lineNumber":17,"author":{"gitId":"badassengineer"},"content":"                \"Duke\", \"test\" + \".txt\");","lastModifiedDate":"2022-10-25"},{"lineNumber":18,"author":{"gitId":"badassengineer"},"content":"        ArrayList\u003cBook\u003e bookList \u003d new ArrayList\u003c\u003e();","lastModifiedDate":"2022-10-25"},{"lineNumber":19,"author":{"gitId":"badassengineer"},"content":"","lastModifiedDate":"2022-10-24"},{"lineNumber":20,"author":{"gitId":"badassengineer"},"content":"        String s \u003d \"Title: Clean Code | Author: Robert C. Martin |\" +","lastModifiedDate":"2022-10-25"},{"lineNumber":21,"author":{"gitId":"badassengineer"},"content":"                \" Edition: 2nd edition | Published: 2012 |\" +","lastModifiedDate":"2022-10-25"},{"lineNumber":22,"author":{"gitId":"badassengineer"},"content":"                \" On-shelf: 2 of 3 | Category: Software Engineering\";","lastModifiedDate":"2022-10-25"},{"lineNumber":23,"author":{"gitId":"badassengineer"},"content":"","lastModifiedDate":"2022-10-24"},{"lineNumber":24,"author":{"gitId":"badassengineer"},"content":"        Storage storage \u003d new Storage(directory, pathFile, bookList);","lastModifiedDate":"2022-10-24"},{"lineNumber":25,"author":{"gitId":"badassengineer"},"content":"        storage.loadBookFromFile(s);","lastModifiedDate":"2022-10-24"},{"lineNumber":26,"author":{"gitId":"badassengineer"},"content":"","lastModifiedDate":"2022-10-24"},{"lineNumber":27,"author":{"gitId":"badassengineer"},"content":"        assertEquals(\" Title: Clean Code\\n\" +","lastModifiedDate":"2022-10-25"},{"lineNumber":28,"author":{"gitId":"badassengineer"},"content":"                \"       Author: Robert C. Martin\\n\" +","lastModifiedDate":"2022-10-25"},{"lineNumber":29,"author":{"gitId":"badassengineer"},"content":"                \"       Edition: 2nd edition\\n \" +","lastModifiedDate":"2022-10-25"},{"lineNumber":30,"author":{"gitId":"badassengineer"},"content":"                \"      Published: 2012\\n\" +","lastModifiedDate":"2022-10-25"},{"lineNumber":31,"author":{"gitId":"badassengineer"},"content":"                \"       On-shelf: 2 of 3\\n\" +","lastModifiedDate":"2022-10-25"},{"lineNumber":32,"author":{"gitId":"badassengineer"},"content":"                \"       Category: Software Engineering\\n\",","lastModifiedDate":"2022-10-25"},{"lineNumber":33,"author":{"gitId":"badassengineer"},"content":"                bookList.get(0).toString());","lastModifiedDate":"2022-10-25"},{"lineNumber":34,"author":{"gitId":"badassengineer"},"content":"    }","lastModifiedDate":"2022-10-24"},{"lineNumber":35,"author":{"gitId":"badassengineer"},"content":"}","lastModifiedDate":"2022-10-24"}],"authorContributionMap":{"badassengineer":35}},{"path":"src/test/java/seedu/duke/storage/StorageTest.java","fileType":"test-code","lines":[{"lineNumber":1,"author":{"gitId":"badassengineer"},"content":"package seedu.duke.storage;","lastModifiedDate":"2022-10-24"},{"lineNumber":2,"author":{"gitId":"badassengineer"},"content":"","lastModifiedDate":"2022-10-24"},{"lineNumber":3,"author":{"gitId":"badassengineer"},"content":"import org.junit.jupiter.api.Test;","lastModifiedDate":"2022-10-24"},{"lineNumber":4,"author":{"gitId":"badassengineer"},"content":"import seedu.duke.book.Book;","lastModifiedDate":"2022-10-24"},{"lineNumber":5,"author":{"gitId":"badassengineer"},"content":"import java.nio.file.Path;","lastModifiedDate":"2022-10-24"},{"lineNumber":6,"author":{"gitId":"badassengineer"},"content":"import java.util.ArrayList;","lastModifiedDate":"2022-10-24"},{"lineNumber":7,"author":{"gitId":"badassengineer"},"content":"","lastModifiedDate":"2022-10-24"},{"lineNumber":8,"author":{"gitId":"badassengineer"},"content":"import static org.junit.jupiter.api.Assertions.assertEquals;","lastModifiedDate":"2022-10-25"},{"lineNumber":9,"author":{"gitId":"badassengineer"},"content":"","lastModifiedDate":"2022-10-24"},{"lineNumber":10,"author":{"gitId":"badassengineer"},"content":"class StorageTest {","lastModifiedDate":"2022-10-24"},{"lineNumber":11,"author":{"gitId":"badassengineer"},"content":"","lastModifiedDate":"2022-10-24"},{"lineNumber":12,"author":{"gitId":"badassengineer"},"content":"    @Test","lastModifiedDate":"2022-10-24"},{"lineNumber":13,"author":{"gitId":"badassengineer"},"content":"    void loadBookFromFile() {","lastModifiedDate":"2022-10-24"},{"lineNumber":14,"author":{"gitId":"badassengineer"},"content":"        Path directory \u003d java.nio.file.Paths.get(System.getProperty(\"user.home\"),","lastModifiedDate":"2022-10-25"},{"lineNumber":15,"author":{"gitId":"badassengineer"},"content":"                \"Duke\");","lastModifiedDate":"2022-10-25"},{"lineNumber":16,"author":{"gitId":"badassengineer"},"content":"        Path pathFile \u003d java.nio.file.Paths.get(System.getProperty(\"user.home\"),","lastModifiedDate":"2022-10-25"},{"lineNumber":17,"author":{"gitId":"badassengineer"},"content":"                \"Duke\", \"test\" + \".txt\");","lastModifiedDate":"2022-10-25"},{"lineNumber":18,"author":{"gitId":"badassengineer"},"content":"        ArrayList\u003cBook\u003e bookList \u003d new ArrayList\u003c\u003e();","lastModifiedDate":"2022-10-25"},{"lineNumber":19,"author":{"gitId":"badassengineer"},"content":"","lastModifiedDate":"2022-10-24"},{"lineNumber":20,"author":{"gitId":"badassengineer"},"content":"        String s \u003d \"Title: Clean Code | Author: Robert C. Martin | Edition: 2nd edition | \" +","lastModifiedDate":"2022-10-25"},{"lineNumber":21,"author":{"gitId":"badassengineer"},"content":"                \"Published: 2012 | On-shelf: 2 of 3 | Category: Software Engineering\";","lastModifiedDate":"2022-10-25"},{"lineNumber":22,"author":{"gitId":"badassengineer"},"content":"","lastModifiedDate":"2022-10-24"},{"lineNumber":23,"author":{"gitId":"badassengineer"},"content":"        Storage storage \u003d new Storage(directory, pathFile, bookList);","lastModifiedDate":"2022-10-24"},{"lineNumber":24,"author":{"gitId":"badassengineer"},"content":"        storage.loadBookFromFile(s);","lastModifiedDate":"2022-10-24"},{"lineNumber":25,"author":{"gitId":"badassengineer"},"content":"","lastModifiedDate":"2022-10-24"},{"lineNumber":26,"author":{"gitId":"badassengineer"},"content":"        assertEquals(\" Title: Clean Code\\n       Author: Robert C. Martin\\n\" +","lastModifiedDate":"2022-10-25"},{"lineNumber":27,"author":{"gitId":"badassengineer"},"content":"                \"       Edition: 2nd edition\\n       Published: 2012\\n       On-shelf: 2 of 3\\n\" +","lastModifiedDate":"2022-10-25"},{"lineNumber":28,"author":{"gitId":"badassengineer"},"content":"                \"       Category: Software Engineering\\n\", bookList.get(0).toString());","lastModifiedDate":"2022-10-25"},{"lineNumber":29,"author":{"gitId":"badassengineer"},"content":"    }","lastModifiedDate":"2022-10-24"},{"lineNumber":30,"author":{"gitId":"badassengineer"},"content":"}","lastModifiedDate":"2022-10-24"}],"authorContributionMap":{"badassengineer":30}}]
