{"authorDailyContributionsMap":{"badassengineer":[{"date":"2022-10-24","commitResults":[{"hash":"0e4b72b5dd56b135e49c0d278aa0100654208240","messageTitle":"First commit.","messageBody":"","fileTypesAndContributionMap":{"functional-code":{"insertions":317,"deletions":11}}},{"hash":"10de0fc1944f0b9f6cce2ddceb2fa21dc476e449","messageTitle":"JUnit tests added.","messageBody":"","fileTypesAndContributionMap":{"functional-code":{"insertions":5,"deletions":5},"test-code":{"insertions":50,"deletions":0}}}]},{"date":"2022-10-25","commitResults":[{"hash":"4c8074524f667188a8ebf1a770e58d867b27957e","messageTitle":"Build and check with Gradle issues fixed","messageBody":"","fileTypesAndContributionMap":{"functional-code":{"insertions":28,"deletions":55}}},{"hash":"1e4810b404db0d49ed26443829f16bce14e7be60","messageTitle":"Build and check with Gradle errors fixed again.","messageBody":"","fileTypesAndContributionMap":{"functional-code":{"insertions":14,"deletions":9}}},{"hash":"08dfdfe49030b06e0ba852bac0a41dc7ef97749b","messageTitle":"Further build and check errors fixed.","messageBody":"","fileTypesAndContributionMap":{"test-code":{"insertions":29,"deletions":14}}}]},{"date":"2022-10-26","commitResults":[{"hash":"64ff31aeff2272bc65c009045d0e41fb1127fadd","messageTitle":"Fixing tests again.","messageBody":"","fileTypesAndContributionMap":{"functional-code":{"insertions":2,"deletions":2}}}]}],"roshankumar1991":[{"date":"2022-10-27","commitResults":[{"hash":"cff640bd6207c04f1721ca933b3b99e906488ca9","messageTitle":"Borrow / Return","messageBody":"","fileTypesAndContributionMap":{"functional-code":{"insertions":124,"deletions":14}}}]}]},"authorFileTypeContributionMap":{"badassengineer":{"docs":0,"functional-code":282,"test-code":65},"roshankumar1991":{"docs":0,"functional-code":123,"test-code":0}},"authorContributionVariance":{"badassengineer":3947.4382,"roshankumar1991":442.63263},"authorDisplayNameMap":{"badassengineer":"TIC4001-F18-1 RABA..RROT","roshankumar1991":"TIC4001-F18-1 ROSH..UMAR"}}
