{"authorDailyContributionsMap":{"badassengineer":[{"date":"2022-10-24","commitResults":[{"hash":"0e4b72b5dd56b135e49c0d278aa0100654208240","messageTitle":"First commit.","messageBody":"","fileTypesAndContributionMap":{"functional-code":{"insertions":317,"deletions":11}}},{"hash":"10de0fc1944f0b9f6cce2ddceb2fa21dc476e449","messageTitle":"JUnit tests added.","messageBody":"","fileTypesAndContributionMap":{"functional-code":{"insertions":5,"deletions":5},"test-code":{"insertions":50,"deletions":0}}}]},{"date":"2022-10-25","commitResults":[{"hash":"4c8074524f667188a8ebf1a770e58d867b27957e","messageTitle":"Build and check with Gradle issues fixed","messageBody":"","fileTypesAndContributionMap":{"functional-code":{"insertions":28,"deletions":55}}},{"hash":"1e4810b404db0d49ed26443829f16bce14e7be60","messageTitle":"Build and check with Gradle errors fixed again.","messageBody":"","fileTypesAndContributionMap":{"functional-code":{"insertions":14,"deletions":9}}},{"hash":"08dfdfe49030b06e0ba852bac0a41dc7ef97749b","messageTitle":"Further build and check errors fixed.","messageBody":"","fileTypesAndContributionMap":{"test-code":{"insertions":29,"deletions":14}}}]},{"date":"2022-10-26","commitResults":[{"hash":"64ff31aeff2272bc65c009045d0e41fb1127fadd","messageTitle":"Fixing tests again.","messageBody":"","fileTypesAndContributionMap":{"functional-code":{"insertions":2,"deletions":2}}}]},{"date":"2022-10-30","commitResults":[{"hash":"02a256ff3a6c1ae9a446fa06bb11f31740f0d6d2","messageTitle":"Updated overall structure.","messageBody":"","fileTypesAndContributionMap":{"functional-code":{"insertions":134,"deletions":127},"test-code":{"insertions":24,"deletions":51}}},{"hash":"943e3a4dde6ee4b6d620f58696134512aa2c17b0","messageTitle":"Updated list, borrow and return increment.","messageBody":"","fileTypesAndContributionMap":{"functional-code":{"insertions":200,"deletions":101},"test-code":{"insertions":5,"deletions":8}}}]},{"date":"2022-10-31","commitResults":[{"hash":"7835bf17a0a0965c97fca1e2016ef4d111f9ac2d","messageTitle":"Search increment implemented.","messageBody":"","fileTypesAndContributionMap":{"functional-code":{"insertions":137,"deletions":26}}},{"hash":"2b6fe8bd99eb114be8ddb6c09870abe18e7e5736","messageTitle":"JavaDoc added; shortcut keys implemented.","messageBody":"","fileTypesAndContributionMap":{"functional-code":{"insertions":214,"deletions":18}}},{"hash":"de30ed2549ca9cf075580e2a00f868d08b8649cf","messageTitle":"More JUnit tests added.","messageBody":"","fileTypesAndContributionMap":{"functional-code":{"insertions":1,"deletions":1},"test-code":{"insertions":185,"deletions":6}}},{"hash":"80929f2ba49d2b23646febcf979e97a21852060d","messageTitle":"Cross-platform CLI; Updated UD.","messageBody":"","fileTypesAndContributionMap":{"functional-code":{"insertions":7,"deletions":5},"docs":{"insertions":90,"deletions":20}}}]},{"date":"2022-11-02","commitResults":[{"hash":"8ac9fe96c27ce1f85cb7c1d0de5ef31ad8a9f979","messageTitle":"Added help command and updated documentations.","messageBody":"","fileTypesAndContributionMap":{"functional-code":{"insertions":78,"deletions":5},"docs":{"insertions":64,"deletions":22}}},{"hash":"b998976ba7509ceae2a3b4faa66e04e71e4db3d5","messageTitle":"Update AboutUs.md","messageBody":"","fileTypesAndContributionMap":{"docs":{"insertions":2,"deletions":2}}},{"hash":"5b04ca27cac1c1e35d00228e921a634f4a597e90","messageTitle":"Update badassengineer.md","messageBody":"","fileTypesAndContributionMap":{"docs":{"insertions":23,"deletions":23}}},{"hash":"bec9a89e295b0a96dd137c6cacf4e2ba2c115905","messageTitle":"Fixed errors in documentations.","messageBody":"","fileTypesAndContributionMap":{"docs":{"insertions":27,"deletions":13}}}]},{"date":"2022-11-03","commitResults":[{"hash":"af68a88663b1b06c9cff1fb3ace11d1131fb5632","messageTitle":"Refactored; PPP added.","messageBody":"","fileTypesAndContributionMap":{"functional-code":{"insertions":44,"deletions":33},"docs":{"insertions":5,"deletions":3},"test-code":{"insertions":16,"deletions":18}}}]},{"date":"2022-11-04","commitResults":[{"hash":"fce917583ba1f88e7598a2ee9c91410b686eb547","messageTitle":"Reserve and cancel addded, search updated, and performed refactoring.","messageBody":"","fileTypesAndContributionMap":{"functional-code":{"insertions":269,"deletions":123},"docs":{"insertions":38,"deletions":20},"test-code":{"insertions":83,"deletions":70}}},{"hash":"b74c06ae983679776eb19baea4e0e60b8be8edc2","messageTitle":"Gradle check addressed.","messageBody":"","fileTypesAndContributionMap":{"functional-code":{"insertions":10,"deletions":9}}},{"hash":"6f0adeb36ba58e2e00c7aacb41bc43fb7723d664","messageTitle":"Removed static on libraryFile.","messageBody":"","fileTypesAndContributionMap":{"functional-code":{"insertions":1,"deletions":1}}}]}],"roshankumar1991":[{"date":"2022-10-27","commitResults":[{"hash":"cff640bd6207c04f1721ca933b3b99e906488ca9","messageTitle":"Borrow / Return","messageBody":"","fileTypesAndContributionMap":{"functional-code":{"insertions":124,"deletions":14}}}]}]},"authorFileTypeContributionMap":{"badassengineer":{"docs":179,"functional-code":998,"test-code":225},"roshankumar1991":{"docs":0,"functional-code":54,"test-code":0}},"authorContributionVariance":{"badassengineer":28028.615,"roshankumar1991":373.2624},"authorDisplayNameMap":{"badassengineer":"TIC4001-F18-1 RABA..RROT","roshankumar1991":"TIC4001-F18-1 ROSH..UMAR"}}
