{"repoSenseVersion":"0b7a7aecf7","reportGeneratedTime":"Sun Jan 1 09:13:03 2023 UTC+08:00","reportGenerationTime":" 1.50 second(s)","zoneId":"UTC+08:00","reportTitle":"TIC4001 tP Code Dashboard","repos":[{"location":{"location":"https://github.com/AY2223S1-TIC4001-F18-1/tp.git","repoName":"tp","organization":"AY2223S1-TIC4001-F18-1","domainName":"github"},"branch":"master","displayName":"AY2223S1-TIC4001-F18-1/tp[master]","outputFolderName":"AY2223S1-TIC4001-F18-1_tp_master"}],"errorSet":[],"sinceDate":"2022-09-16","untilDate":"2023-01-01","isSinceDateProvided":true,"isUntilDateProvided":false,"supportedDomainUrlMap":{"NOT_RECOGNIZED":{"BRANCH":"","REPO_URL":"UNSUPPORTED","BASE_URL":"UNSUPPORTED","HISTORY_PATH":"","COMMIT_PATH":"","BLAME_PATH":""},"github":{"BRANCH":"tree/$BRANCH","REPO_URL":"https://github.com/$ORGANIZATION/$REPO_NAME/","BASE_URL":"https://github.com/","HISTORY_PATH":"commits/$BRANCH/$FILE_PATH","COMMIT_PATH":"commit/$COMMIT_HASH","BLAME_PATH":"blame/$BRANCH/$FILE_PATH"}}}
