{"repoSenseVersion":"19a215b7af","reportGeneratedTime":"Fri Oct 14 09:58:01 2022 UTC+08:00","reportGenerationTime":" 0.34 second(s)","zoneId":"UTC+08:00","reportTitle":"TIC4001 tP Code Dashboard","repos":[],"errorSet":[{"repoName":"AY2223S1-TIC4001-F18-1/tp[master]","errorMessage":"Failed to clone from https://github.com/AY2223S1-TIC4001-F18-1/tp.git"}],"sinceDate":"2022-09-16","untilDate":"2022-10-14","isSinceDateProvided":true,"isUntilDateProvided":false,"supportedDomainUrlMap":{"NOT_RECOGNIZED":{"BRANCH":"","REPO_URL":"UNSUPPORTED","BASE_URL":"UNSUPPORTED","HISTORY_PATH":"","COMMIT_PATH":"","BLAME_PATH":""},"github":{"BRANCH":"tree/$BRANCH","REPO_URL":"https://github.com/$ORGANIZATION/$REPO_NAME/","BASE_URL":"https://github.com/","HISTORY_PATH":"commits/$BRANCH/$FILE_PATH","COMMIT_PATH":"commit/$COMMIT_HASH","BLAME_PATH":"blame/$BRANCH/$FILE_PATH"}}}
